{"swagger": "2.0", "info": {"title": "\u63a5\u53e3\u6587\u6863\u5e73\u53f0", "description": "\u6587\u6863\u63cf\u8ff0", "termsOfService": "http://localhost:8000/", "contact": {"email": "mhhcode@mhhcode.com"}, "license": {"name": "BSD LICENSE"}, "version": "v1"}, "host": "127.0.0.1:8000", "schemes": ["http"], "basePath": "/api", "consumes": ["application/json"], "produces": ["application/json"], "securityDefinitions": {"basic": {"type": "basic"}}, "security": [{"basic": []}], "paths": {"/check_username/": {"get": {"operationId": "check_username_list", "description": ":param :'username'\n\n:return :{\n        'statecode'(0:failed,1:succeed),\n        'exist'(true:exist same name in db,false:no same name in db)\n        }", "parameters": [], "responses": {"200": {"description": "", "schema": {"type": "array", "items": {"$ref": "#/definitions/UserRegModel"}}}}, "tags": ["check_username"]}, "parameters": []}, "/getCourseDetail/": {"get": {"operationId": "getCourseDetail_list", "description": "", "parameters": [], "responses": {"200": {"description": "", "schema": {"type": "array", "items": {"$ref": "#/definitions/CourseInfo"}}}}, "tags": ["getCourseDetail"]}, "post": {"operationId": "getCourseDetail_create", "description": "", "parameters": [{"name": "data", "in": "body", "required": true, "schema": {"$ref": "#/definitions/CourseInfo"}}], "responses": {"201": {"description": "", "schema": {"$ref": "#/definitions/CourseInfo"}}}, "tags": ["getCourseDetail"]}, "parameters": []}, "/getCourseDetail/{id}/": {"get": {"operationId": "getCourseDetail_read", "description": "", "parameters": [], "responses": {"200": {"description": "", "schema": {"$ref": "#/definitions/CourseInfo"}}}, "tags": ["getCourseDetail"]}, "delete": {"operationId": "getCourseDetail_delete", "description": "", "parameters": [], "responses": {"204": {"description": ""}}, "tags": ["getCourseDetail"]}, "parameters": [{"name": "id", "in": "path", "description": "A unique integer value identifying this course info.", "required": true, "type": "integer"}]}, "/getCourseLabels/{id}/": {"get": {"operationId": "getCourseLabels_read", "description": "", "parameters": [], "responses": {"200": {"description": "", "schema": {"$ref": "#/definitions/CourseLabelList"}}}, "tags": ["getCourseLabels"]}, "parameters": [{"name": "id", "in": "path", "description": "A unique integer value identifying this course info.", "required": true, "type": "integer"}]}, "/getCourseProblems/{id}/": {"get": {"operationId": "getCourseProblems_read", "description": "", "parameters": [], "responses": {"200": {"description": "", "schema": {"$ref": "#/definitions/CourseProblemList"}}}, "tags": ["getCourseProblems"]}, "parameters": [{"name": "id", "in": "path", "description": "A unique integer value identifying this course info.", "required": true, "type": "integer"}]}, "/getLabelProblems/{id}/": {"get": {"operationId": "getLabelProblems_read", "description": "", "parameters": [], "responses": {"200": {"description": "", "schema": {"$ref": "#/definitions/LabelProblemListDetail"}}}, "tags": ["getLabelProblems"]}, "parameters": [{"name": "id", "in": "path", "description": "A unique integer value identifying this label info.", "required": true, "type": "integer"}]}, "/getProblemSolutions/{id}/": {"get": {"operationId": "getProblemSolutions_read", "description": "", "parameters": [], "responses": {"200": {"description": "", "schema": {"$ref": "#/definitions/ProblemSolutionList"}}}, "tags": ["getProblemSolutions"]}, "parameters": [{"name": "id", "in": "path", "description": "A unique integer value identifying this problem info.", "required": true, "type": "integer"}]}, "/getUserCourses/{id}/": {"get": {"operationId": "getUserCourses_read", "description": "", "parameters": [], "responses": {"200": {"description": "", "schema": {"$ref": "#/definitions/UserCourseList"}}}, "tags": ["getUserCourses"]}, "delete": {"operationId": "getUserCourses_delete", "description": "", "parameters": [], "responses": {"204": {"description": ""}}, "tags": ["getUserCourses"]}, "parameters": [{"name": "id", "in": "path", "description": "A unique integer value identifying this user info.", "required": true, "type": "integer"}]}, "/init/": {"get": {"operationId": "init_list", "description": "", "parameters": [], "responses": {"200": {"description": ""}}, "tags": ["init"]}, "parameters": []}, "/login/": {"post": {"operationId": "login_create", "description": ":param", "parameters": [], "responses": {"201": {"description": ""}}, "tags": ["login"]}, "parameters": []}, "/regist/": {"post": {"operationId": "regist_create", "description": "", "parameters": [{"name": "data", "in": "body", "required": true, "schema": {"$ref": "#/definitions/UserRegModel"}}], "responses": {"201": {"description": "", "schema": {"$ref": "#/definitions/UserRegModel"}}}, "tags": ["regist"]}, "parameters": []}}, "definitions": {"UserRegModel": {"required": ["username", "password", "last_login"], "type": "object", "properties": {"username": {"title": "Account", "type": "string", "maxLength": 16}, "password": {"title": "Password", "type": "string", "maxLength": 16}, "email": {"title": "Email of user", "type": "string", "maxLength": 30}, "last_login": {"title": "Last login", "type": "integer"}}}, "CourseInfo": {"required": ["courseName", "instructor"], "type": "object", "properties": {"id": {"title": "ID", "type": "integer", "readOnly": true}, "courseName": {"title": "Course name", "type": "string", "maxLength": 30}, "instructor": {"title": "Course instructor", "type": "integer"}}}, "LabelCourseLabelList": {"required": ["labelName"], "type": "object", "properties": {"id": {"title": "ID", "type": "integer", "readOnly": true}, "labelName": {"title": "Label name", "type": "string", "maxLength": 8}}}, "CourseLabelList": {"type": "object", "properties": {"id": {"title": "ID", "type": "integer", "readOnly": true}, "label": {"type": "array", "items": {"$ref": "#/definitions/LabelCourseLabelList"}, "readOnly": true}}}, "LabelProblemListInfo": {"required": ["labelName"], "type": "object", "properties": {"id": {"title": "ID", "type": "integer", "readOnly": true}, "labelName": {"title": "Label name", "type": "string", "maxLength": 8}}}, "ProblemList": {"required": ["problemName"], "type": "object", "properties": {"id": {"title": "ID", "type": "integer", "readOnly": true}, "mark": {"type": "array", "items": {"$ref": "#/definitions/LabelProblemListInfo"}, "readOnly": true}, "problemName": {"title": "Problem name", "type": "string", "maxLength": 40}, "createdAt": {"title": "CreatedAt", "type": "integer", "maximum": 9223372036854775807, "minimum": -9223372036854775808}, "changedAt": {"title": "ChangedAt", "type": "integer", "maximum": 9223372036854775807, "minimum": -9223372036854775808}, "isSolved": {"title": "Is solved or not", "type": "boolean"}}}, "CourseProblemList": {"type": "object", "properties": {"id": {"title": "ID", "type": "integer", "readOnly": true}, "problemList": {"type": "array", "items": {"$ref": "#/definitions/ProblemList"}, "readOnly": true}}}, "ProblemListRelationship": {"required": ["problemName"], "type": "object", "properties": {"id": {"title": "ID", "type": "integer", "readOnly": true}, "problemName": {"title": "Problem name", "type": "string", "maxLength": 40}, "isSolved": {"title": "Is solved or not", "type": "boolean"}, "changedAt": {"title": "ChangedAt", "type": "integer", "maximum": 9223372036854775807, "minimum": -9223372036854775808}, "createdAt": {"title": "CreatedAt", "type": "integer", "maximum": 9223372036854775807, "minimum": -9223372036854775808}}}, "LabelProblemListDetail": {"type": "object", "properties": {"id": {"title": "ID", "type": "integer", "readOnly": true}, "markProblem": {"type": "array", "items": {"$ref": "#/definitions/ProblemListRelationship"}, "readOnly": true}}}, "SolutionDetail": {"required": ["solutionName"], "type": "object", "properties": {"id": {"title": "ID", "type": "integer", "readOnly": true}, "solutionName": {"title": "Solution name", "type": "string", "maxLength": 20}, "isChecked": {"title": "Solution is checked or not", "type": "boolean"}, "createdAt": {"title": "CreatedAt", "type": "integer", "maximum": 9223372036854775807, "minimum": -9223372036854775808}, "changedAt": {"title": "ChangedAt", "type": "integer", "maximum": 9223372036854775807, "minimum": -9223372036854775808}}}, "ProblemSolutionList": {"type": "object", "properties": {"id": {"title": "ID", "type": "integer", "readOnly": true}, "solution_list": {"type": "array", "items": {"$ref": "#/definitions/SolutionDetail"}, "readOnly": true}}}, "UserCourseList": {"type": "object", "properties": {"id": {"title": "ID", "type": "integer", "readOnly": true}, "study": {"type": "array", "items": {"type": "string"}, "readOnly": true, "uniqueItems": true}}}}}
